iso_code	continent	location	date	total_cases	new_cases	rolling 7d		total_deaths	new_deaths	icu_patients	total_vaccinations	people_vaccinated	people_fully_vaccinated	new_vaccinations
DEU	Europe	Germany	02.02.2020	10	2			0	0	0	0	0	0	0
DEU	Europe	Germany	03.02.2020	12	2			0	0	0	0	0	0	0
DEU	Europe	Germany	04.02.2020	12	0			0	0	0	0	0	0	0
DEU	Europe	Germany	05.02.2020	12	0			0	0	0	0	0	0	0
DEU	Europe	Germany	06.02.2020	12	0			0	0	0	0	0	0	0
DEU	Europe	Germany	07.02.2020	13	1			0	0	0	0	0	0	0
DEU	Europe	Germany	08.02.2020	13	0	0,714285714		0	0	0	0	0	0	0
DEU	Europe	Germany	09.02.2020	14	1	0,571428571		0	0	0	0	0	0	0
DEU	Europe	Germany	10.02.2020	14	0	0,285714286		0	0	0	0	0	0	0
DEU	Europe	Germany	11.02.2020	16	2	0,571428571		0	0	0	0	0	0	0
DEU	Europe	Germany	12.02.2020	16	0	0,571428571		0	0	0	0	0	0	0
DEU	Europe	Germany	13.02.2020	16	0	0,571428571		0	0	0	0	0	0	0
DEU	Europe	Germany	14.02.2020	16	0	0,428571429		0	0	0	0	0	0	0
DEU	Europe	Germany	15.02.2020	16	0	0,428571429		0	0	0	0	0	0	0
DEU	Europe	Germany	16.02.2020	16	0	0,285714286		0	0	0	0	0	0	0
DEU	Europe	Germany	17.02.2020	16	0	0,285714286		0	0	0	0	0	0	0
DEU	Europe	Germany	18.02.2020	16	0	0		0	0	0	0	0	0	0
DEU	Europe	Germany	19.02.2020	16	0	0		0	0	0	0	0	0	0
DEU	Europe	Germany	20.02.2020	16	0	0		0	0	0	0	0	0	0
DEU	Europe	Germany	21.02.2020	16	0	0		0	0	0	0	0	0	0
DEU	Europe	Germany	22.02.2020	16	0	0		0	0	0	0	0	0	0
DEU	Europe	Germany	23.02.2020	16	0	0		0	0	0	0	0	0	0
DEU	Europe	Germany	24.02.2020	16	0	0		0	0	0	0	0	0	0
DEU	Europe	Germany	25.02.2020	17	1	0,142857143		0	0	0	0	0	0	0
DEU	Europe	Germany	26.02.2020	27	10	1,571428571		0	0	0	0	0	0	0
DEU	Europe	Germany	27.02.2020	46	19	4,285714286		0	0	0	0	0	0	0
DEU	Europe	Germany	28.02.2020	48	2	4,571428571		0	0	0	0	0	0	0
DEU	Europe	Germany	29.02.2020	79	31	9		0	0	0	0	0	0	0
DEU	Europe	Germany	01.03.2020	130	51	16,28571429		0	0	0	0	0	0	0
DEU	Europe	Germany	02.03.2020	159	29	20,42857143		0	0	0	0	0	0	0
DEU	Europe	Germany	03.03.2020	196	37	25,57142857		0	0	0	0	0	0	0
DEU	Europe	Germany	04.03.2020	262	66	33,57142857		0	0	0	0	0	0	0
DEU	Europe	Germany	05.03.2020	482	220	62,28571429		0	0	0	0	0	0	0
DEU	Europe	Germany	06.03.2020	670	188	88,85714286		0	0	0	0	0	0	0
DEU	Europe	Germany	07.03.2020	799	129	102,8571429		0	0	0	0	0	0	0
DEU	Europe	Germany	08.03.2020	1040	241	130		0	0	0	0	0	0	0
DEU	Europe	Germany	09.03.2020	1176	136	145,2857143		2	2	0	0	0	0	0
DEU	Europe	Germany	10.03.2020	1457	281	180,1428571		2	0	0	0	0	0	0
DEU	Europe	Germany	11.03.2020	1908	451	235,1428571		3	1	0	0	0	0	0
DEU	Europe	Germany	12.03.2020	2078	170	228		3	0	0	0	0	0	0
DEU	Europe	Germany	13.03.2020	3675	1597	429,2857143		7	4	0	0	0	0	0
DEU	Europe	Germany	14.03.2020	4585	910	540,8571429		9	2	0	0	0	0	0
DEU	Europe	Germany	15.03.2020	5795	1210	679,2857143		11	2	0	0	0	0	0
DEU	Europe	Germany	16.03.2020	7272	1477	870,8571429		17	6	0	0	0	0	0
DEU	Europe	Germany	17.03.2020	9257	1985	1114,285714		24	7	0	0	0	0	0
DEU	Europe	Germany	18.03.2020	12327	3070	1488,428571		28	4	0	0	0	0	0
DEU	Europe	Germany	19.03.2020	15320	2993	1891,714286		44	16	0	0	0	0	0
DEU	Europe	Germany	20.03.2020	19848	4528	2310,428571		67	23	200	0	0	0	0
DEU	Europe	Germany	21.03.2020	22213	2365	2518,285714		84	17	308	0	0	0	0
DEU	Europe	Germany	22.03.2020	24873	2660	2725,428571		94	10	364	0	0	0	0
DEU	Europe	Germany	23.03.2020	29056	4183	3112		123	29	451	0	0	0	0
DEU	Europe	Germany	24.03.2020	32986	3930	3389,857143		157	34	616	0	0	0	0
DEU	Europe	Germany	25.03.2020	37323	4337	3570,857143		206	49	789	0	0	0	0
DEU	Europe	Germany	26.03.2020	43938	6615	4088,285714		267	61	824	0	0	0	0
DEU	Europe	Germany	27.03.2020	50871	6933	4431,857143		342	75	905	0	0	0	0
DEU	Europe	Germany	28.03.2020	57695	6824	5068,857143		433	91	1001	0	0	0	0
DEU	Europe	Germany	29.03.2020	62095	4400	5317,428571		533	100	1063	0	0	0	0
DEU	Europe	Germany	30.03.2020	66885	4790	5404,142857		645	112	1203	0	0	0	0
DEU	Europe	Germany	31.03.2020	71808	4923	5546		775	130	1550	0	0	0	0
DEU	Europe	Germany	01.04.2020	77872	6064	5792,714286		920	145	1784	0	0	0	0
DEU	Europe	Germany	02.04.2020	84794	6922	5836,571429		1107	187	2102	0	0	0	0
DEU	Europe	Germany	03.04.2020	91159	6365	5755,428571		1275	168	2361	0	0	0	0
DEU	Europe	Germany	04.04.2020	96092	4933	5485,285714		1444	169	2471	0	0	0	0
DEU	Europe	Germany	05.04.2020	100123	4031	5432,571429		1584	140	2528	0	0	0	0
DEU	Europe	Germany	06.04.2020	103374	3251	5212,714286		1810	226	2551	0	0	0	0
DEU	Europe	Germany	07.04.2020	107663	4289	5122,142857		2016	206	2641	0	0	0	0
DEU	Europe	Germany	08.04.2020	113296	5633	5060,571429		2349	333	2654	0	0	0	0
DEU	Europe	Germany	09.04.2020	118181	4885	4769,571429		2607	258	2714	0	0	0	0
DEU	Europe	Germany	10.04.2020	122171	3990	4430,285714		2767	160	2702	0	0	0	0
DEU	Europe	Germany	11.04.2020	124908	2737	4116,571429		2736	-31	2652	0	0	0	0
DEU	Europe	Germany	12.04.2020	127854	2946	3961,571429		3022	286	2652	0	0	0	0
DEU	Europe	Germany	13.04.2020	130072	2218	3814		3194	172	2719	0	0	0	0
DEU	Europe	Germany	14.04.2020	131359	1287	3385,142857		3294	100	2722	0	0	0	0
DEU	Europe	Germany	15.04.2020	134753	3394	3065,285714		3804	510	2735	0	0	0	0
DEU	Europe	Germany	16.04.2020	137698	2945	2788,142857		4052	248	2810	0	0	0	0
DEU	Europe	Germany	17.04.2020	141397	3699	2746,571429		4352	300	2879	0	0	0	0
DEU	Europe	Germany	18.04.2020	143342	1945	2633,428571		4459	107	2928	0	0	0	0
DEU	Europe	Germany	19.04.2020	145184	1842	2475,714286		4586	127	2870	0	0	0	0
DEU	Europe	Germany	20.04.2020	147065	1881	2427,571429		4862	276	2900	0	0	0	0
DEU	Europe	Germany	21.04.2020	148291	1226	2418,857143		5033	171	2855	0	0	0	0
DEU	Europe	Germany	22.04.2020	150648	2357	2270,714286		5279	246	2739	0	0	0	0
DEU	Europe	Germany	23.04.2020	153129	2481	2204,428571		5575	296	2720	0	0	0	0
DEU	Europe	Germany	24.04.2020	154999	1870	1943,142857		5760	185	2644	0	0	0	0
DEU	Europe	Germany	25.04.2020	156513	1514	1881,571429		5877	117	2538	0	0	0	0
DEU	Europe	Germany	26.04.2020	157770	1257	1798		5976	99	2524	0	0	0	0
DEU	Europe	Germany	27.04.2020	158758	988	1670,428571		6126	150	2466	0	0	0	0
DEU	Europe	Germany	28.04.2020	159912	1154	1660,142857		6314	188	2391	0	0	0	0
DEU	Europe	Germany	29.04.2020	161539	1627	1555,857143		6467	153	2310	0	0	0	0
DEU	Europe	Germany	30.04.2020	163009	1470	1411,428571		6623	156	2235	0	0	0	0
DEU	Europe	Germany	01.05.2020	164077	1068	1296,857143		6736	113	2118	0	0	0	0
DEU	Europe	Germany	02.05.2020	164967	890	1207,714286		6812	76	2046	0	0	0	0
DEU	Europe	Germany	03.05.2020	165664	697	1127,714286		6866	54	2011	0	0	0	0
DEU	Europe	Germany	04.05.2020	166152	488	1056,285714		6993	127	1976	0	0	0	0
DEU	Europe	Germany	05.05.2020	167007	855	1013,571429		6993	0	1903	0	0	0	0
DEU	Europe	Germany	06.05.2020	168162	1155	946,1428571		7275	282	1820	0	0	0	0
DEU	Europe	Germany	07.05.2020	169430	1268	917,2857143		7392	117	1763	0	0	0	0
DEU	Europe	Germany	08.05.2020	170588	1158	930,1428571		7510	118	1659	0	0	0	0
DEU	Europe	Germany	09.05.2020	171324	736	908,1428571		7549	39	1594	0	0	0	0
DEU	Europe	Germany	10.05.2020	171879	555	887,8571429		7569	20	1603	0	0	0	0
DEU	Europe	Germany	11.05.2020	172576	697	917,7142857		7661	92	1587	0	0	0	0
DEU	Europe	Germany	12.05.2020	173171	595	880,5714286		7738	77	1496	0	0	0	0
DEU	Europe	Germany	13.05.2020	174098	927	848		7861	123	1384	0	0	0	0
DEU	Europe	Germany	14.05.2020	174478	380	721,1428571		7884	23	1316	0	0	0	0
DEU	Europe	Germany	15.05.2020	175233	755	663,5714286		7897	13	1232	0	0	0	0
DEU	Europe	Germany	16.05.2020	175752	519	632,5714286		7938	41	1173	0	0	0	0
DEU	Europe	Germany	17.05.2020	176369	617	641,4285714		7962	24	1125	0	0	0	0
DEU	Europe	Germany	18.05.2020	176551	182	567,8571429		8003	41	1122	0	0	0	0
DEU	Europe	Germany	19.05.2020	177778	1227	658,1428571		8081	78	1087	0	0	0	0
DEU	Europe	Germany	20.05.2020	178473	695	625		8144	63	1019	0	0	0	0
DEU	Europe	Germany	21.05.2020	179021	548	649		8203	59	999	0	0	0	0
DEU	Europe	Germany	22.05.2020	179710	689	639,5714286		8228	25	971	0	0	0	0
DEU	Europe	Germany	23.05.2020	179986	276	604,8571429		8261	33	928	0	0	0	0
DEU	Europe	Germany	24.05.2020	180328	342	565,5714286		8283	22	896	0	0	0	0
DEU	Europe	Germany	25.05.2020	180600	272	578,4285714		8309	26	883	0	0	0	0
DEU	Europe	Germany	26.05.2020	181200	600	488,8571429		8372	63	810	0	0	0	0
DEU	Europe	Germany	27.05.2020	181524	324	435,8571429		8428	56	749	0	0	0	0
DEU	Europe	Germany	28.05.2020	182196	672	453,5714286		8470	42	723	0	0	0	0
DEU	Europe	Germany	29.05.2020	182922	726	458,8571429		8504	34	722	0	0	0	0
DEU	Europe	Germany	30.05.2020	183189	267	457,5714286		8530	26	711	0	0	0	0
DEU	Europe	Germany	31.05.2020	183410	221	440,2857143		8540	10	697	0	0	0	0
DEU	Europe	Germany	01.06.2020	183594	184	427,7142857		8555	15	696	0	0	0	0
DEU	Europe	Germany	02.06.2020	183879	285	382,7142857		8563	8	691	0	0	0	0
DEU	Europe	Germany	03.06.2020	184121	242	371		8602	39	631	0	0	0	0
DEU	Europe	Germany	04.06.2020	184472	351	325,1428571		8635	33	595	0	0	0	0
DEU	Europe	Germany	05.06.2020	184924	452	286		8658	23	584	0	0	0	0
DEU	Europe	Germany	06.06.2020	185450	526	323		8673	15	561	0	0	0	0
DEU	Europe	Germany	07.06.2020	185750	300	334,2857143		8685	12	566	0	0	0	0
DEU	Europe	Germany	08.06.2020	186109	359	359,2857143		8695	10	543	0	0	0	0
DEU	Europe	Germany	09.06.2020	186506	397	375,2857143		8736	41	516	0	0	0	0
DEU	Europe	Germany	10.06.2020	186522	16	343		8752	16	483	0	0	0	0
DEU	Europe	Germany	11.06.2020	186691	169	317		8772	20	452	0	0	0	0
DEU	Europe	Germany	12.06.2020	187226	535	328,8571429		8783	11	450	0	0	0	0
DEU	Europe	Germany	13.06.2020	187267	41	259,5714286		8793	10	441	0	0	0	0
DEU	Europe	Germany	14.06.2020	187518	251	252,5714286		8801	8	438	0	0	0	0
DEU	Europe	Germany	15.06.2020	187682	164	224,7142857		8807	6	434	0	0	0	0
DEU	Europe	Germany	16.06.2020	188252	570	249,4285714		8820	13	421	0	0	0	0
DEU	Europe	Germany	17.06.2020	188604	352	297,4285714		8851	31	407	0	0	0	0
DEU	Europe	Germany	18.06.2020	189817	1213	446,5714286		8875	24	394	0	0	0	0
DEU	Europe	Germany	19.06.2020	190299	482	439		8887	12	374	0	0	0	0
DEU	Europe	Germany	20.06.2020	190670	371	486,1428571		8895	8	359	0	0	0	0
DEU	Europe	Germany	21.06.2020	191272	602	536,2857143		8895	0	350	0	0	0	0
DEU	Europe	Germany	22.06.2020	191768	496	583,7142857		8899	4	363	0	0	0	0
DEU	Europe	Germany	23.06.2020	192480	712	604		8914	15	358	0	0	0	0
DEU	Europe	Germany	24.06.2020	192871	391	609,5714286		8928	14	353	0	0	0	0
DEU	Europe	Germany	25.06.2020	193371	500	507,7142857		8940	12	358	0	0	0	0
DEU	Europe	Germany	26.06.2020	194036	665	533,8571429		8965	25	359	0	0	0	0
DEU	Europe	Germany	27.06.2020	194458	422	541,1428571		8968	3	343	0	0	0	0
DEU	Europe	Germany	28.06.2020	194693	235	488,7142857		8968	0	335	0	0	0	0
DEU	Europe	Germany	29.06.2020	195042	349	467,7142857		8976	8	329	0	0	0	0
DEU	Europe	Germany	30.06.2020	195418	376	419,7142857		8990	14	333	0	0	0	0
DEU	Europe	Germany	01.07.2020	195893	475	431,7142857		8995	5	324	0	0	0	0
DEU	Europe	Germany	02.07.2020	196370	477	428,4285714		9006	11	325	0	0	0	0
DEU	Europe	Germany	03.07.2020	196780	410	392		9010	4	314	0	0	0	0
DEU	Europe	Germany	04.07.2020	197198	418	391,4285714		9020	10	320	0	0	0	0
DEU	Europe	Germany	05.07.2020	197523	325	404,2857143		9023	3	299	0	0	0	0
DEU	Europe	Germany	06.07.2020	198064	541	431,7142857		9022	-1	305	0	0	0	0
DEU	Europe	Germany	07.07.2020	198343	279	417,8571429		9032	10	292	0	0	0	0
DEU	Europe	Germany	08.07.2020	198699	356	400,8571429		9046	14	287	0	0	0	0
DEU	Europe	Germany	09.07.2020	199001	302	375,8571429		9057	11	272	0	0	0	0
DEU	Europe	Germany	10.07.2020	199332	331	364,5714286		9063	6	276	0	0	0	0
DEU	Europe	Germany	11.07.2020	199709	377	358,7142857		9070	7	253	0	0	0	0
DEU	Europe	Germany	12.07.2020	199919	210	342,2857143		9071	1	254	0	0	0	0
DEU	Europe	Germany	13.07.2020	200180	261	302,2857143		9074	3	263	0	0	0	0
DEU	Europe	Germany	14.07.2020	200456	276	301,8571429		9078	4	256	0	0	0	0
DEU	Europe	Germany	15.07.2020	200890	434	313		9080	2	246	0	0	0	0
DEU	Europe	Germany	16.07.2020	201450	560	349,8571429		9087	7	251	0	0	0	0
DEU	Europe	Germany	17.07.2020	202045	595	387,5714286		9088	1	246	0	0	0	0
DEU	Europe	Germany	18.07.2020	202426	381	388,1428571		9091	3	246	0	0	0	0
DEU	Europe	Germany	19.07.2020	202735	309	402,2857143		9092	1	249	0	0	0	0
DEU	Europe	Germany	20.07.2020	203325	590	449,2857143		9094	2	245	0	0	0	0
DEU	Europe	Germany	21.07.2020	203717	392	465,8571429		9099	5	251	0	0	0	0
DEU	Europe	Germany	22.07.2020	204276	559	483,7142857		9102	3	248	0	0	0	0
DEU	Europe	Germany	23.07.2020	204881	605	490,1428571		9110	8	234	0	0	0	0
DEU	Europe	Germany	24.07.2020	205623	742	511,1428571		9120	10	235	0	0	0	0
DEU	Europe	Germany	25.07.2020	206278	655	550,2857143		9124	4	247	0	0	0	0
DEU	Europe	Germany	26.07.2020	206667	389	561,7142857		9124	0	265	0	0	0	0
DEU	Europe	Germany	27.07.2020	207112	445	541		9125	1	257	0	0	0	0
DEU	Europe	Germany	28.07.2020	207707	595	570		9131	6	253	0	0	0	0
DEU	Europe	Germany	29.07.2020	208546	839	610		9135	4	255	0	0	0	0
DEU	Europe	Germany	30.07.2020	209535	989	664,8571429		9144	9	260	0	0	0	0
DEU	Europe	Germany	31.07.2020	210399	864	682,2857143		9147	3	259	0	0	0	0
DEU	Europe	Germany	01.08.2020	211005	606	675,2857143		9154	7	255	0	0	0	0
DEU	Europe	Germany	02.08.2020	211220	215	650,4285714		9154	0	267	0	0	0	0
DEU	Europe	Germany	03.08.2020	212111	891	714,1428571		9154	0	263	0	0	0	0
DEU	Europe	Germany	04.08.2020	212828	717	731,5714286		9163	9	258	0	0	0	0
DEU	Europe	Germany	05.08.2020	214113	1285	795,2857143		9179	16	238	0	0	0	0
DEU	Europe	Germany	06.08.2020	215039	926	786,2857143		9181	2	236	0	0	0	0
DEU	Europe	Germany	07.08.2020	216196	1157	828,1428571		9195	14	226	0	0	0	0
DEU	Europe	Germany	08.08.2020	216903	707	842,5714286		9201	6	228	0	0	0	0
DEU	Europe	Germany	09.08.2020	217288	385	866,8571429		9202	1	234	0	0	0	0
DEU	Europe	Germany	10.08.2020	218508	1220	913,8571429		9203	1	227	0	0	0	0
DEU	Europe	Germany	11.08.2020	219540	1032	958,8571429		9208	5	230	0	0	0	0
DEU	Europe	Germany	12.08.2020	220859	1319	963,7142857		9213	5	220	0	0	0	0
DEU	Europe	Germany	13.08.2020	222281	1422	1034,571429		9217	4	223	0	0	0	0
DEU	Europe	Germany	14.08.2020	223791	1510	1085		9230	13	230	0	0	0	0
DEU	Europe	Germany	15.08.2020	224488	697	1083,571429		9235	5	228	0	0	0	0
DEU	Europe	Germany	16.08.2020	225007	519	1102,714286		9235	0	224	0	0	0	0
DEU	Europe	Germany	17.08.2020	226700	1693	1170,285714		9236	1	226	0	0	0	0
DEU	Europe	Germany	18.08.2020	228120	1420	1225,714286		9241	5	219	0	0	0	0
DEU	Europe	Germany	19.08.2020	229706	1586	1263,857143		9249	8	226	0	0	0	0
DEU	Europe	Germany	20.08.2020	231292	1586	1287,285714		9263	14	229	0	0	0	0
DEU	Europe	Germany	21.08.2020	233029	1737	1319,714286		9266	3	235	0	0	0	0
DEU	Europe	Germany	22.08.2020	233861	832	1339		9272	6	230	0	0	0	0
DEU	Europe	Germany	23.08.2020	234494	633	1355,285714		9275	3	242	0	0	0	0
DEU	Europe	Germany	24.08.2020	236122	1628	1346		9276	1	243	0	0	0	0
DEU	Europe	Germany	25.08.2020	237583	1461	1351,857143		9281	5	223	0	0	0	0
DEU	Europe	Germany	26.08.2020	239010	1427	1329,142857		9285	4	225	0	0	0	0
DEU	Europe	Germany	27.08.2020	240571	1561	1325,571429		9290	5	238	0	0	0	0
DEU	Europe	Germany	28.08.2020	242126	1555	1299,571429		9290	0	234	0	0	0	0
DEU	Europe	Germany	29.08.2020	242835	709	1282		9299	9	239	0	0	0	0
DEU	Europe	Germany	30.08.2020	243305	470	1258,714286		9300	1	243	0	0	0	0
DEU	Europe	Germany	31.08.2020	244802	1497	1240		9303	3	244	0	0	0	0
DEU	Europe	Germany	01.09.2020	246015	1213	1204,571429		9307	4	233	0	0	0	0
DEU	Europe	Germany	02.09.2020	247411	1396	1200,142857		9322	15	226	0	0	0	0
DEU	Europe	Germany	03.09.2020	248840	1429	1181,285714		9322	0	221	0	0	0	0
DEU	Europe	Germany	04.09.2020	250283	1443	1165,285714		9327	5	223	0	0	0	0
DEU	Europe	Germany	05.09.2020	251058	775	1174,714286		9329	2	220	0	0	0	0
DEU	Europe	Germany	06.09.2020	251728	670	1203,285714		9330	1	216	0	0	0	0
DEU	Europe	Germany	07.09.2020	253626	1898	1260,571429		9331	1	227	0	0	0	0
DEU	Europe	Germany	08.09.2020	254957	1331	1277,428571		9336	5	229	0	0	0	0
DEU	Europe	Germany	09.09.2020	256433	1476	1288,857143		9342	6	225	0	0	0	0
DEU	Europe	Germany	10.09.2020	258149	1716	1329,857143		9345	3	230	0	0	0	0
DEU	Europe	Germany	11.09.2020	259735	1586	1350,285714		9348	3	218	0	0	0	0
DEU	Europe	Germany	12.09.2020	260817	1082	1394,142857		9352	4	231	0	0	0	0
DEU	Europe	Germany	13.09.2020	261737	920	1429,857143		9354	2	234	0	0	0	0
DEU	Europe	Germany	14.09.2020	263222	1485	1370,857143		9356	2	233	0	0	0	0
DEU	Europe	Germany	15.09.2020	265014	1792	1436,714286		9367	11	232	0	0	0	0
DEU	Europe	Germany	16.09.2020	266869	1855	1490,857143		9373	6	228	0	0	0	0
DEU	Europe	Germany	17.09.2020	269048	2179	1557		9376	3	234	0	0	0	0
DEU	Europe	Germany	18.09.2020	271247	2199	1644,571429		9386	10	243	0	0	0	0
DEU	Europe	Germany	19.09.2020	272932	1685	1730,714286		9388	2	253	0	0	0	0
DEU	Europe	Germany	20.09.2020	273965	1033	1746,857143		9390	2	265	0	0	0	0
DEU	Europe	Germany	21.09.2020	275560	1595	1762,571429		9390	0	265	0	0	0	0
DEU	Europe	Germany	22.09.2020	277412	1852	1771,142857		9405	15	274	0	0	0	0
DEU	Europe	Germany	23.09.2020	279025	1613	1736,571429		9423	18	289	0	0	0	0
DEU	Europe	Germany	24.09.2020	281346	2321	1756,857143		9436	13	291	0	0	0	0
DEU	Europe	Germany	25.09.2020	283712	2366	1780,714286		9451	15	297	0	0	0	0
DEU	Europe	Germany	26.09.2020	285026	1314	1727,714286		9459	8	309	0	0	0	0
DEU	Europe	Germany	27.09.2020	286339	1313	1767,714286		9464	5	324	0	0	0	0
DEU	Europe	Germany	28.09.2020	288631	2292	1867,285714		9468	4	352	0	0	0	0
DEU	Europe	Germany	29.09.2020	290471	1840	1865,571429		9483	15	351	0	0	0	0
DEU	Europe	Germany	30.09.2020	292913	2442	1984		9495	12	354	0	0	0	0
DEU	Europe	Germany	01.10.2020	295539	2626	2027,571429		9509	14	360	0	0	0	0
DEU	Europe	Germany	02.10.2020	298374	2835	2094,571429		9518	9	370	0	0	0	0
DEU	Europe	Germany	03.10.2020	300027	1653	2143		9531	13	401	0	0	0	0
DEU	Europe	Germany	04.10.2020	301573	1546	2176,285714		9533	2	422	0	0	0	0
DEU	Europe	Germany	05.10.2020	304673	3100	2291,714286		9554	21	444	0	0	0	0
DEU	Europe	Germany	06.10.2020	307127	2454	2379,428571		9566	12	448	0	0	0	0
DEU	Europe	Germany	07.10.2020	311137	4010	2603,428571		9582	16	470	0	0	0	0
DEU	Europe	Germany	08.10.2020	315941	4804	2914,571429		9594	12	487	0	0	0	0
DEU	Europe	Germany	09.10.2020	320495	4554	3160,142857		9599	5	510	0	0	0	0
DEU	Europe	Germany	10.10.2020	323463	2968	3348		9620	21	531	0	0	0	0
DEU	Europe	Germany	11.10.2020	326309	2846	3533,714286		9626	6	545	0	0	0	0
DEU	Europe	Germany	12.10.2020	332850	6541	4025,285714		9640	14	589	0	0	0	0
DEU	Europe	Germany	13.10.2020	337314	4464	4312,428571		9682	42	617	0	0	0	0
DEU	Europe	Germany	14.10.2020	344487	7173	4764,285714		9716	34	601	0	0	0	0
DEU	Europe	Germany	15.10.2020	352107	7620	5166,571429		9739	23	651	0	0	0	0
DEU	Europe	Germany	16.10.2020	359802	7695	5615,285714		9773	34	688	0	0	0	0
DEU	Europe	Germany	17.10.2020	364664	4862	5885,857143		9785	12	726	0	0	0	0
DEU	Europe	Germany	18.10.2020	368671	4007	6051,714286		9798	13	766	0	0	0	0
DEU	Europe	Germany	19.10.2020	377068	8397	6316,857143		9842	44	846	0	0	0	0
DEU	Europe	Germany	20.10.2020	385591	8523	6896,714286		9882	40	875	0	0	0	0
DEU	Europe	Germany	21.10.2020	397922	12331	7633,571429		9911	29	940	0	0	0	0
DEU	Europe	Germany	22.10.2020	403874	5952	7395,285714		9960	49	1025	0	0	0	0
DEU	Europe	Germany	23.10.2020	417350	13476	8221,142857		9978	18	1116	0	0	0	0
DEU	Europe	Germany	24.10.2020	427808	10458	9020,571429		10035	57	1193	0	0	0	0
DEU	Europe	Germany	25.10.2020	437698	9890	9861		10062	27	1286	0	0	0	0
DEU	Europe	Germany	26.10.2020	450258	12560	10455,71429		10091	29	1352	0	0	0	0
DEU	Europe	Germany	27.10.2020	463419	13161	11118,28571		10121	30	1462	0	0	0	0
DEU	Europe	Germany	28.10.2020	479621	16202	11671,28571		10218	97	1563	0	0	0	0
DEU	Europe	Germany	29.10.2020	498354	18733	13497,14286		10305	87	1689	0	0	0	0
DEU	Europe	Germany	30.10.2020	517736	19382	14340,85714		10391	86	1832	0	0	0	0
DEU	Europe	Germany	31.10.2020	531790	14054	14854,57143		10483	92	1935	0	0	0	0
DEU	Europe	Germany	01.11.2020	544346	12556	15235,42857		10513	30	2056	0	0	0	0
DEU	Europe	Germany	02.11.2020	569598	25252	17048,57143		10669	156	2234	0	0	0	0
DEU	Europe	Germany	03.11.2020	577131	7533	16244,57143		10717	48	2374	0	0	0	0
DEU	Europe	Germany	04.11.2020	608611	31480	18427,14286		10949	232	2542	0	0	0	0
DEU	Europe	Germany	05.11.2020	631172	22561	18974		11110	161	2647	0	0	0	0
DEU	Europe	Germany	06.11.2020	653992	22820	19465,14286		11240	130	2745	0	0	0	0
DEU	Europe	Germany	07.11.2020	668114	14122	19474,85714		11306	66	2830	0	0	0	0
DEU	Europe	Germany	08.11.2020	682624	14510	19754		11372	66	2897	0	0	0	0
DEU	Europe	Germany	09.11.2020	689146	6522	17078,28571		11408	36	3001	0	0	0	0
DEU	Europe	Germany	10.11.2020	715693	26547	19794,57143		11781	373	3053	0	0	0	0
DEU	Europe	Germany	11.11.2020	738094	22401	18497,57143		11994	213	3118	0	0	0	0
DEU	Europe	Germany	12.11.2020	762832	24738	18808,57143		12216	222	3177	0	0	0	0
DEU	Europe	Germany	13.11.2020	785093	22261	18728,71429		12404	188	3289	0	0	0	0
DEU	Europe	Germany	14.11.2020	799733	14640	18802,71429		12511	107	3315	0	0	0	0
DEU	Europe	Germany	15.11.2020	802946	3213	17188,85714		12573	62	3376	0	0	0	0
DEU	Europe	Germany	16.11.2020	817526	14580	18340		12833	260	3425	0	0	0	0
DEU	Europe	Germany	17.11.2020	843757	26231	18294,85714		13138	305	3507	0	0	0	0
DEU	Europe	Germany	18.11.2020	867484	23727	18484,28571		13390	252	3551	0	0	0	0
DEU	Europe	Germany	19.11.2020	891525	24041	18384,71429		13662	272	3581	0	0	0	0
DEU	Europe	Germany	20.11.2020	914118	22593	18432,14286		13918	256	3603	0	0	0	0
DEU	Europe	Germany	21.11.2020	927990	13872	18322,42857		14061	143	3621	0	0	0	0
DEU	Europe	Germany	22.11.2020	932367	4377	18488,71429		14159	98	3696	0	0	0	0
DEU	Europe	Germany	23.11.2020	946822	14455	18470,85714		14460	301	3726	0	0	0	0
DEU	Europe	Germany	24.11.2020	963192	16370	17062,14286		14832	372	3758	0	0	0	0
DEU	Europe	Germany	25.11.2020	995879	32687	18342,14286		15210	378	3769	0	0	0	0
DEU	Europe	Germany	26.11.2020	1017830	21951	18043,57143		15640	430	3815	0	0	0	0
DEU	Europe	Germany	27.11.2020	1038649	20819	17790,14286		16011	371	3846	0	0	0	0
DEU	Europe	Germany	28.11.2020	1052494	13845	17786,28571		16181	170	3880	0	0	0	0
DEU	Europe	Germany	29.11.2020	1055691	3197	17617,71429		16306	125	3891	0	0	0	0
DEU	Europe	Germany	30.11.2020	1069912	14221	17584,28571		16694	388	3916	0	0	0	0
DEU	Europe	Germany	01.12.2020	1094678	24766	18783,71429		17177	483	3912	0	0	0	0
DEU	Europe	Germany	02.12.2020	1117953	23275	17439,14286		17659	482	3949	0	0	0	0
DEU	Europe	Germany	03.12.2020	1141544	23591	17673,42857		18097	438	3971	0	0	0	0
DEU	Europe	Germany	04.12.2020	1157514	15970	16980,71429		18577	480	4001	0	0	0	0
DEU	Europe	Germany	05.12.2020	1183640	26126	18735,14286		18839	262	4038	0	0	0	0
DEU	Europe	Germany	06.12.2020	1194550	10910	19837		18989	150	4097	0	0	0	0
DEU	Europe	Germany	07.12.2020	1200006	5456	18584,85714		19434	445	4167	0	0	0	0
DEU	Europe	Germany	08.12.2020	1229269	29263	19227,28571		20002	568	4238	0	0	0	0
DEU	Europe	Germany	09.12.2020	1254358	25089	19486,42857		20460	458	4259	0	0	0	0
DEU	Europe	Germany	10.12.2020	1287092	32734	20792,57143		21064	604	4319	0	0	0	0
DEU	Europe	Germany	11.12.2020	1314309	27217	22399,28571		21567	503	4414	0	0	0	0
DEU	Europe	Germany	12.12.2020	1336101	21792	21780,14286		21900	333	4475	0	0	0	0
DEU	Europe	Germany	13.12.2020	1350810	14709	22322,85714		22106	206	4541	0	0	0	0
DEU	Europe	Germany	14.12.2020	1357261	6451	22465		22634	528	4661	0	0	0	0
DEU	Europe	Germany	15.12.2020	1391086	33825	23116,71429		23544	910	4722	0	0	0	0
DEU	Europe	Germany	16.12.2020	1423830	32744	24210,28571		24273	729	4820	0	0	0	0
DEU	Europe	Germany	17.12.2020	1454009	30179	23845,28571		25027	754	4839	0	0	0	0
DEU	Europe	Germany	18.12.2020	1486839	32830	24647,14286		25754	727	4889	0	0	0	0
DEU	Europe	Germany	19.12.2020	1508518	21679	24631		26171	417	4930	0	0	0	0
DEU	Europe	Germany	20.12.2020	1514962	6444	23450,28571		26400	229	5018	0	0	0	0
DEU	Europe	Germany	21.12.2020	1534218	19256	25279,57143		27110	710	5157	0	0	0	0
DEU	Europe	Germany	22.12.2020	1570371	36153	25612,14286		28096	986	5202	0	0	0	0
DEU	Europe	Germany	23.12.2020	1604129	33758	25757		28909	813	5226	0	0	0	0
DEU	Europe	Germany	24.12.2020	1630596	26467	25226,71429		29330	421	5330	0	0	0	0
DEU	Europe	Germany	25.12.2020	1632736	2140	20842,42857		29580	250	5364	0	0	0	0
DEU	Europe	Germany	26.12.2020	1646240	13504	19674,57143		29946	366	5520	0	0	0	0
DEU	Europe	Germany	27.12.2020	1658639	12399	20525,28571		30297	351	5546	24000	23987	13	0
DEU	Europe	Germany	28.12.2020	1672643	14004	19775		31145	848	5582	42560	42510	50	18560
DEU	Europe	Germany	29.12.2020	1692109	19466	17391,14286		32267	1122	5637	93293	92518	775	50733
DEU	Europe	Germany	30.12.2020	1741153	49044	19574,85714		33230	963	5630	155960	155065	895	62667
DEU	Europe	Germany	31.12.2020	1760520	19367	18560,57143		33791	561	5622	205979	204935	1044	50019
DEU	Europe	Germany	01.01.2021	1762637	2117	18557,28571		34145	354	5583	224756	223705	1051	18777
DEU	Europe	Germany	02.01.2021	1773540	10903	18185,71429		34480	335	5703	277173	275839	1334	52417
DEU	Europe	Germany	03.01.2021	1783896	10356	17893,85714		34791	311	5745	300950	299611	1339	23777
DEU	Europe	Germany	04.01.2021	1796216	12320	17653,28571		35748	957	5723	349026	347636	1390	48076
DEU	Europe	Germany	05.01.2021	1814565	18349	17493,71429		36757	1009	5650	402741	401322	1419	53715
DEU	Europe	Germany	06.01.2021	1841228	26663	14296,42857		37835	1078	5552	465411	463987	1424	62670
DEU	Europe	Germany	07.01.2021	1886561	45333	18005,85714		38987	1152	5474	521358	519925	1433	55947
DEU	Europe	Germany	08.01.2021	1905638	19077	20428,71429		40022	1035	5467	584418	582661	1757	63060
DEU	Europe	Germany	09.01.2021	1928462	22824	22131,71429		40597	575	5398	645509	643705	1804	61091
DEU	Europe	Germany	10.01.2021	1929410	948	20787,71429		40936	339	5300	681023	679210	1813	35514
DEU	Europe	Germany	11.01.2021	1941116	11706	20700		41799	863	5267	748603	746738	1865	67580
DEU	Europe	Germany	12.01.2021	1968326	27210	21965,85714		42889	1090	5209	831262	829338	1924	82659
DEU	Europe	Germany	13.01.2021	1993892	25566	21809,14286		44096	1207	5164	942976	940854	2122	111714
DEU	Europe	Germany	14.01.2021	2015235	21343	18382		45207	1111	5104	1026074	1023767	2307	83098
DEU	Europe	Germany	15.01.2021	2023828	8593	16884,28571		45705	498	5050	1117596	1114679	2917	91522
DEU	Europe	Germany	16.01.2021	2038645	14817	15740,42857		46464	759	4992	1175165	1171342	3823	57569
DEU	Europe	Germany	17.01.2021	2050129	11484	17245,57143		46901	437	4950	1224164	1202999	21165	48999
DEU	Europe	Germany	18.01.2021	2059382	9253	16895,14286		47263	362	4984	1306792	1269855	36937	82628
DEU	Europe	Germany	19.01.2021	2071615	12233	14755,57143		48997	1734	4930	1424467	1352649	71818	117675
DEU	Europe	Germany	20.01.2021	2100618	29003	15246,57143		50010	1013	4816	1556483	1433154	123329	132016
DEU	Europe	Germany	21.01.2021	2108895	8277	13380		50876	866	4767	1664207	1499024	165183	107724
DEU	Europe	Germany	22.01.2021	2125261	16366	14490,42857		51713	837	4749	1768249	1567505	200744	104042
DEU	Europe	Germany	23.01.2021	2137691	12430	14149,42857		51873	160	4639	1853260	1607556	245704	85011
DEU	Europe	Germany	24.01.2021	2147769	10078	13948,57143		52296	423	4607	1902484	1633633	268851	49224
DEU	Europe	Germany	25.01.2021	2154656	6887	13610,57143		53127	831	4604	1994189	1686737	307452	91705
DEU	Europe	Germany	26.01.2021	2164043	9387	13204		53619	492	4559	2092858	1736977	355881	98669
DEU	Europe	Germany	27.01.2021	2179679	15636	11294,42857		54498	879	4487	2204004	1788492	415512	111146
DEU	Europe	Germany	28.01.2021	2194562	14883	12238,14286		55883	1385	4428	2295169	1833619	461550	91165
DEU	Europe	Germany	29.01.2021	2207393	12831	11733,14286		56286	403	4367	2404288	1885085	519203	109119
DEU	Europe	Germany	30.01.2021	2224911	17518	12460		57105	819	4342	2492759	1921396	571363	88471
DEU	Europe	Germany	31.01.2021	2225659	748	11127,14286		57163	58	4337	2549274	1947381	601893	56515
DEU	Europe	Germany	01.02.2021	2232327	6668	11095,85714		58059	896	4313	2669924	2006542	663382	120650
DEU	Europe	Germany	02.02.2021	2240017	7690	10853,42857		58992	933	4252	2801621	2070761	730860	131697
DEU	Europe	Germany	03.02.2021	2252504	12487	10403,57143		59776	784	4207	2961085	2134922	826163	159464
DEU	Europe	Germany	04.02.2021	2265536	13032	10139,14286		60634	858	4170	3092863	2196009	896854	131778
DEU	Europe	Germany	05.02.2021	2276371	10835	9854		61324	690	4066	3237570	2263671	973899	144707
DEU	Europe	Germany	06.02.2021	2285003	8632	8584,571429		61551	227	3958	3337712	2310843	1026869	100142
DEU	Europe	Germany	07.02.2021	2291673	6670	9430,571429		61708	157	3926	3391970	2339021	1052949	54258
DEU	Europe	Germany	08.02.2021	2296323	4650	9142,285714		62191	483	3951	3501919	2392190	1109729	109949
DEU	Europe	Germany	09.02.2021	2302051	5728	8862		63006	815	3840	3635854	2451889	1183965	133935
DEU	Europe	Germany	10.02.2021	2311297	9246	8399		63672	666	3732	3787620	2527042	1260578	151766
DEU	Europe	Germany	11.02.2021	2321225	9928	7955,571429		64224	552	3668	3928778	2600880	1327898	141158
DEU	Europe	Germany	12.02.2021	2330422	9197	7721,571429		64771	547	3546	4086275	2682302	1403973	157497
DEU	Europe	Germany	13.02.2021	2336906	6484	7414,714286		64990	219	3479	4194030	2744466	1449564	107755
DEU	Europe	Germany	14.02.2021	2341744	4838	7153		65107	117	3417	4259319	2784493	1474826	65289
DEU	Europe	Germany	15.02.2021	2346876	5132	7221,857143		65288	181	3426	4386078	2855642	1530436	126759
DEU	Europe	Germany	16.02.2021	2352766	5890	7245		65829	541	3342	4522684	2937626	1585058	136606
DEU	Europe	Germany	17.02.2021	2362364	9598	7295,285714		66732	903	3239	4671878	3031150	1640728	149194
DEU	Europe	Germany	18.02.2021	2372209	9845	7283,428571		67245	513	3169	4814577	3122607	1691970	142699
DEU	Europe	Germany	19.02.2021	2381259	9050	7262,428571		67741	496	3114	4969099	3222396	1746703	154522
DEU	Europe	Germany	20.02.2021	2388421	7162	7359,285714		67883	142	3068	5082506	3298695	1783811	113407
DEU	Europe	Germany	21.02.2021	2394515	6094	7538,714286		67946	63	3049	5168661	3355740	1812921	86155
DEU	Europe	Germany	22.02.2021	2399499	4984	7517,571429		68363	417	3053	5328994	3455955	1873039	160333
DEU	Europe	Germany	23.02.2021	2405263	5764	7499,571429		68785	422	3030	5496179	3563365	1932814	167185
DEU	Europe	Germany	24.02.2021	2416037	10774	7667,571429		69170	385	2950	5672186	3679773	1992413	176007
DEU	Europe	Germany	25.02.2021	2427069	11032	7837,142857		69343	173	2891	5861511	3810423	2051088	189325
DEU	Europe	Germany	26.02.2021	2436506	9437	7892,428571		69939	596	2841	6071312	3954799	2116513	209801
DEU	Europe	Germany	27.02.2021	2444177	7671	7965,142857		70092	153	2820	6219862	4063332	2156530	148550
DEU	Europe	Germany	28.02.2021	2450295	6118	7968,571429		70152	60	2834	6327964	4147143	2180821	108102
DEU	Europe	Germany	01.03.2021	2455569	5274	8010		70514	362	2862	6523764	4293575	2230189	195800
DEU	Europe	Germany	02.03.2021	2462061	6492	8114		70926	412	2849	6743691	4459816	2283875	219927
DEU	Europe	Germany	03.03.2021	2472913	10852	8125,142857		71285	359	2816	6987455	4634586	2352869	243764
DEU	Europe	Germany	04.03.2021	2484306	11393	8176,714286		71554	269	2805	7230587	4815039	2415548	243132
DEU	Europe	Germany	05.03.2021	2493887	9581	8197,285714		71852	298	2756	7499744	5016769	2482975	269157
DEU	Europe	Germany	06.03.2021	2502151	8264	8282		71951	99	2746	7702229	5169958	2532271	202485
DEU	Europe	Germany	07.03.2021	2508655	6504	8337,142857		71984	33	2779	7852622	5285890	2566732	150393
DEU	Europe	Germany	08.03.2021	2513784	5129	8316,428571		72236	252	2857	8091826	5472592	2619234	239204
DEU	Europe	Germany	09.03.2021	2520618	6834	8365,285714		72534	298	2776	8342283	5668278	2674005	250457
DEU	Europe	Germany	10.03.2021	2541781	21163	9838,285714		72858	324	2727	8626038	5886342	2739696	283755
DEU	Europe	Germany	11.03.2021	2546526	4745	8888,571429		73120	262	2748	8907638	6107035	2800603	281600
DEU	Europe	Germany	12.03.2021	2559296	12770	9344,142857		73348	228	2747	9231638	6359382	2872256	324000
DEU	Europe	Germany	13.03.2021	2569864	10568	9673,285714		73369	21	2713	9478159	6556465	2921694	246521
DEU	Europe	Germany	14.03.2021	2578842	8978	10026,71429		73463	94	2767	9649359	6691672	2957687	171200
DEU	Europe	Germany	15.03.2021	2585385	6543	10228,71429		73701	238	2825	9897643	6881093	3016550	248284
DEU	Europe	Germany	16.03.2021	2603064	17679	11778		73952	251	2844	10076800	6993229	3083571	179157
DEU	Europe	Germany	17.03.2021	2610769	7705	9855,428571		74043	91	2849	10282016	7118981	3163035	205216
DEU	Europe	Germany	18.03.2021	2639258	28489	13247,42857		74402	359	2887	10476723	7238341	3238382	194707
DEU	Europe	Germany	19.03.2021	2654734	15476	13634		74608	206	2938	10720634	7399409	3321225	243911
DEU	Europe	Germany	20.03.2021	2669233	14499	14195,57143		74706	98	2945	10940862	7565749	3375113	220228
DEU	Europe	Germany	21.03.2021	2670001	768	13022,71429		74756	50	3044	11106963	7693085	3413878	166101
DEU	Europe	Germany	22.03.2021	2678262	8261	13268,14286		75009	253	3139	11373179	7883138	3490041	266216
DEU	Europe	Germany	23.03.2021	2699231	20969	13738,14286		75255	246	3156	11671064	8097261	3573803	297885
DEU	Europe	Germany	24.03.2021	2722988	23757	16031,28571		75484	229	3196	12005122	8343007	3662115	334058
DEU	Europe	Germany	25.03.2021	2744608	21620	15050		75669	185	3249	12342714	8600444	3742270	337592
DEU	Europe	Germany	26.03.2021	2765297	20689	15794,71429		75828	159	3322	12717438	8886417	3831021	374724
DEU	Europe	Germany	27.03.2021	2782925	17628	16241,71429		75915	87	3379	13004207	9110028	3894179	286769
DEU	Europe	Germany	28.03.2021	2784652	1727	16378,71429		75959	44	3444	13201134	9254210	3946924	196927
DEU	Europe	Germany	29.03.2021	2794949	10297	16669,57143		76139	180	3559	13509917	9473962	4035955	308783
DEU	Europe	Germany	30.03.2021	2818630	23681	17057		76389	250	3588	13838392	9709086	4129306	328475
DEU	Europe	Germany	31.03.2021	2843644	25014	17236,57143		76589	200	3668	14179885	9947498	4232387	341493
DEU	Europe	Germany	01.04.2021	2866323	22679	17387,85714		76823	234	3719	14503603	10178807	4324796	323718
DEU	Europe	Germany	02.04.2021	2882356	16033	16722,71429		76940	117	3839	14733555	10337171	4396384	229952
DEU	Europe	Germany	03.04.2021	2886029	3673	14729,14286		77010	70	3905	14965517	10503097	4462420	231962
DEU	Europe	Germany	04.04.2021	2896329	10300	15953,85714		77060	50	4047	15161575	10645591	4515984	196058
DEU	Europe	Germany	05.04.2021	2902309	5980	15337,14286		77136	76	4152	15411217	10821829	4589388	249642
DEU	Europe	Germany	06.04.2021	2909902	7593	13038,85714		77245	109	4342	15789664	11101125	4688539	378447
DEU	Europe	Germany	07.04.2021	2940279	30377	13805		77755	510	4428	16467235	11681594	4785641	677571
DEU	Europe	Germany	08.04.2021	2966789	26510	14352,28571		78049	294	4461	17200029	12324635	4875394	732794
DEU	Europe	Germany	09.04.2021	2990724	23935	15481,14286		78295	246	4501	17823067	12859339	4963728	623038
DEU	Europe	Germany	10.04.2021	3009452	18728	17631,85714		78402	107	4517	18191472	13162274	5029198	368405
DEU	Europe	Germany	11.04.2021	3012158	2706	16547		78500	98	4566	18452054	13372764	5079290	260582
DEU	Europe	Germany	12.04.2021	3024604	12446	17470,71429		78796	296	4642	18867535	13711407	5156128	415481
DEU	Europe	Germany	13.04.2021	3054025	29421	20589		79137	341	4668	19438589	14209061	5229528	571054
DEU	Europe	Germany	14.04.2021	3085142	31117	20694,71429		79427	290	4653	20212362	14899443	5312919	773773
DEU	Europe	Germany	15.04.2021	3110252	25110	20494,71429		79672	245	4658	20891637	15507933	5383704	679275
DEU	Europe	Germany	16.04.2021	3134108	23856	20483,42857		79894	222	4714	21484949	16025876	5459073	593312
DEU	Europe	Germany	17.04.2021	3154305	20197	20693,28571		79971	77	4760	21847069	16331631	5515438	362120
DEU	Europe	Germany	18.04.2021	3155522	1217	20480,57143		80052	81	4818	22113245	16558583	5554662	266176
DEU	Europe	Germany	19.04.2021	3167137	11615	20361,85714		80353	301	4910	22512249	16896798	5615451	399004
DEU	Europe	Germany	20.04.2021	3198534	31397	20644,14286		80680	327	4951	23067450	17390433	5677017	555201
DEU	Europe	Germany	21.04.2021	3222888	24354	19678		80938	258	4970	23780804	18032134	5748670	713354
DEU	Europe	Germany	22.04.2021	3254609	31721	20622,42857		81203	265	5034	24414776	18599987	5814789	633972
DEU	Europe	Germany	23.04.2021	3276871	22262	20394,71429		81492	289	5037	24965692	19083353	5882339	550916
DEU	Europe	Germany	24.04.2021	3291293	14422	19569,71429		81610	118	5008	25334553	19392664	5941889	368861
DEU	Europe	Germany	25.04.2021	3306692	15399	21595,71429		81671	61	5040	25617584	19628108	5989476	283031
DEU	Europe	Germany	26.04.2021	3312653	5961	20788		82009	338	5106	26045158	19982631	6062651	427574
DEU	Europe	Germany	27.04.2021	3338564	25911	20004,28571		82325	316	5050	26828759	20676953	6152838	783601
DEU	Europe	Germany	28.04.2021	3366827	28263	20562,71429		82588	263	5033	27948798	21671643	6279613	1120039
DEU	Europe	Germany	29.04.2021	3391039	24212	19490		82865	277	5019	28888546	22481528	6411230	939748
DEU	Europe	Germany	30.04.2021	3405365	14326	18356,28571		83097	232	5011	29687709	23145079	6548496	799163
DEU	Europe	Germany	01.05.2021	3423900	18535	18943,85714		83207	110	4998	30022661	23409235	6624430	334952
DEU	Europe	Germany	02.05.2021	3432676	8776	17997,71429		83292	85	5018	30285722	23608131	6692199	263061
DEU	Europe	Germany	03.05.2021	3438186	5510	17933,28571		83605	313	4997	30734131	23943976	6807729	448409
DEU	Europe	Germany	04.05.2021	3462297	24111	17676,14286		83890	285	4945	31571980	24626785	6968241	837849
DEU	Europe	Germany	05.05.2021	3484755	22458	16846,85714		84141	251	4829	32703237	25541209	7192272	1131257
DEU	Europe	Germany	06.05.2021	3502672	17917	15947,57143		84425	284	4756	33678323	26306839	7407626	975086
DEU	Europe	Germany	07.05.2021	3517762	15090	16056,71429		84659	234	4663	34547941	26956398	7632983	869618
DEU	Europe	Germany	08.05.2021	3530887	13125	15283,85714		84789	130	4596	34966516	27226219	7783471	418575
DEU	Europe	Germany	09.05.2021	3530887	0	14030,14286		84844	55	4569	35249004	27409457	7884847	282488
DEU	Europe	Germany	10.05.2021	3538208	7321	14288,85714		85118	274	0	35827302	27805891	8073519	578298
DEU	Europe	Germany	11.05.2021	3557904	19696	13658,14286		85385	267	0	36895996	28602728	8351020	1068694
DEU	Europe	Germany	12.05.2021	3564494	6590	11391,28571		85451	66	0	38279461	29646410	8698499	1383465
DEU	Europe	Germany	13.05.2021	3578125	13631	10779		85853	402	0	38693063	29912721	8849340	413602
DEU	Europe	Germany	14.05.2021	3588502	10377	10105,71429		86030	177	0	39414342	30432274	9060934	721279
